response,covariate,excluded_city,n_loco,rho_loco,p_loco,n_full,rho_full,p_full,p_full_FDR,delta_rho,absolute_change_in_rho,sign_reversal,same_direction,response_label,covariate_label,relationship
jaccard,elevation_m,Barcelona,15,-0.40357142857142847,0.13576799650365637,16,-0.37058823529411766,0.15765046473782068,0.35471354566009655,-0.03298319327731081,0.03298319327731081,FALSE,TRUE,Jaccard similarity,Elevation,Jaccard similarity vs Elevation
jaccard,elevation_m,Berlin,15,-0.37499999999999994,0.16843274984674558,16,-0.37058823529411766,0.15765046473782068,0.35471354566009655,-0.004411764705882282,0.004411764705882282,FALSE,TRUE,Jaccard similarity,Elevation,Jaccard similarity vs Elevation
jaccard,elevation_m,Bogota,15,-0.2571428571428571,0.35486036365060913,16,-0.37058823529411766,0.15765046473782068,0.35471354566009655,0.11344537815126055,0.11344537815126055,FALSE,TRUE,Jaccard similarity,Elevation,Jaccard similarity vs Elevation
jaccard,elevation_m,Hanoi,15,-0.3785714285714285,0.1640908265592207,16,-0.37058823529411766,0.15765046473782068,0.35471354566009655,-0.00798319327731084,0.00798319327731084,FALSE,TRUE,Jaccard similarity,Elevation,Jaccard similarity vs Elevation
jaccard,elevation_m,Hong_Kong,15,-0.2607142857142857,0.34797945986279355,16,-0.37058823529411766,0.15765046473782068,0.35471354566009655,0.10987394957983199,0.10987394957983199,FALSE,TRUE,Jaccard similarity,Elevation,Jaccard similarity vs Elevation
jaccard,elevation_m,Ilorin,15,-0.4785714285714285,0.07113080825563328,16,-0.37058823529411766,0.15765046473782068,0.35471354566009655,-0.10798319327731082,0.10798319327731082,FALSE,TRUE,Jaccard similarity,Elevation,Jaccard similarity vs Elevation
jaccard,elevation_m,Kuala_Lumpur,15,-0.3999999999999999,0.13959512937214466,16,-0.37058823529411766,0.15765046473782068,0.35471354566009655,-0.02941176470588225,0.02941176470588225,FALSE,TRUE,Jaccard similarity,Elevation,Jaccard similarity vs Elevation
jaccard,elevation_m,Lisbon,15,-0.41428571428571426,0.12471544223657102,16,-0.37058823529411766,0.15765046473782068,0.35471354566009655,-0.043697478991596594,0.043697478991596594,FALSE,TRUE,Jaccard similarity,Elevation,Jaccard similarity vs Elevation
jaccard,elevation_m,Oslo,15,-0.39642857142857135,0.1434945314423536,16,-0.37058823529411766,0.15765046473782068,0.35471354566009655,-0.02584033613445369,0.02584033613445369,FALSE,TRUE,Jaccard similarity,Elevation,Jaccard similarity vs Elevation
jaccard,elevation_m,Porto,15,-0.38928571428571423,0.15151193679039388,16,-0.37058823529411766,0.15765046473782068,0.35471354566009655,-0.018697478991596572,0.018697478991596572,FALSE,TRUE,Jaccard similarity,Elevation,Jaccard similarity vs Elevation
jaccard,elevation_m,Rio_de_Janeiro,15,-0.3821428571428571,0.1598236299869672,16,-0.37058823529411766,0.15765046473782068,0.35471354566009655,-0.011554621848739455,0.011554621848739455,FALSE,TRUE,Jaccard similarity,Elevation,Jaccard similarity vs Elevation
jaccard,elevation_m,Santiago,15,-0.2571428571428571,0.35486036365060913,16,-0.37058823529411766,0.15765046473782068,0.35471354566009655,0.11344537815126055,0.11344537815126055,FALSE,TRUE,Jaccard similarity,Elevation,Jaccard similarity vs Elevation
jaccard,elevation_m,Singapore,15,-0.3714285714285714,0.17284974708033993,16,-0.37058823529411766,0.15765046473782068,0.35471354566009655,-8.40336134453723e-4,8.40336134453723e-4,FALSE,TRUE,Jaccard similarity,Elevation,Jaccard similarity vs Elevation
jaccard,elevation_m,Sofia,15,-0.46428571428571425,0.08125098075549496,16,-0.37058823529411766,0.15765046473782068,0.35471354566009655,-0.09369747899159658,0.09369747899159658,FALSE,TRUE,Jaccard similarity,Elevation,Jaccard similarity vs Elevation
jaccard,elevation_m,Taipei,15,-0.2607142857142857,0.34797945986279355,16,-0.37058823529411766,0.15765046473782068,0.35471354566009655,0.10987394957983199,0.10987394957983199,FALSE,TRUE,Jaccard similarity,Elevation,Jaccard similarity vs Elevation
jaccard,elevation_m,Vienna,15,-0.4107142857142856,0.12832864601574867,16,-0.37058823529411766,0.15765046473782068,0.35471354566009655,-0.040126050420167925,0.040126050420167925,FALSE,TRUE,Jaccard similarity,Elevation,Jaccard similarity vs Elevation
jaccard,gdp_pc,Barcelona,15,-0.4110814867583197,0.12795389231092133,16,-0.4032377839281032,0.12144556683501995,0.31228860043290846,-0.007843702830216459,0.007843702830216459,FALSE,TRUE,Jaccard similarity,GDP per capita,Jaccard similarity vs GDP per capita
jaccard,gdp_pc,Berlin,15,-0.4218053516302759,0.11733703105566819,16,-0.4032377839281032,0.12144556683501995,0.31228860043290846,-0.01856756770217266,0.01856756770217266,FALSE,TRUE,Jaccard similarity,GDP per capita,Jaccard similarity vs GDP per capita
jaccard,gdp_pc,Bogota,15,-0.561215594965706,0.029499451781379304,16,-0.4032377839281032,0.12144556683501995,0.31228860043290846,-0.15797781103760283,0.15797781103760283,FALSE,TRUE,Jaccard similarity,GDP per capita,Jaccard similarity vs GDP per capita
jaccard,gdp_pc,Hanoi,15,-0.3074174596627435,0.26502356068976246,16,-0.4032377839281032,0.12144556683501995,0.31228860043290846,0.09582032426535975,0.09582032426535975,FALSE,TRUE,Jaccard similarity,GDP per capita,Jaccard similarity vs GDP per capita
jaccard,gdp_pc,Hong_Kong,15,-0.3824845137664366,0.1594193165384854,16,-0.4032377839281032,0.12144556683501995,0.31228860043290846,0.020753270161666615,0.020753270161666615,FALSE,TRUE,Jaccard similarity,GDP per capita,Jaccard similarity vs GDP per capita
jaccard,gdp_pc,Ilorin,15,-0.2752458650468749,0.3207611291068539,16,-0.4032377839281032,0.12144556683501995,0.31228860043290846,0.1279919188812283,0.1279919188812283,FALSE,TRUE,Jaccard similarity,GDP per capita,Jaccard similarity vs GDP per capita
jaccard,gdp_pc,Kuala_Lumpur,15,-0.34316367590259733,0.2104892294857531,16,-0.4032377839281032,0.12144556683501995,0.31228860043290846,0.06007410802550589,0.06007410802550589,FALSE,TRUE,Jaccard similarity,GDP per capita,Jaccard similarity vs GDP per capita
jaccard,gdp_pc,Lisbon,15,-0.41428571428571426,0.12471544223657102,16,-0.4032377839281032,0.12144556683501995,0.31228860043290846,-0.011047930357611035,0.011047930357611035,FALSE,TRUE,Jaccard similarity,GDP per capita,Jaccard similarity vs GDP per capita
jaccard,gdp_pc,Oslo,15,-0.4307419056902394,0.10896656304601597,16,-0.4032377839281032,0.12144556683501995,0.31228860043290846,-0.02750412176213618,0.02750412176213618,FALSE,TRUE,Jaccard similarity,GDP per capita,Jaccard similarity vs GDP per capita
jaccard,gdp_pc,Porto,15,-0.39642857142857135,0.1434945314423536,16,-0.4032377839281032,0.12144556683501995,0.31228860043290846,0.006809212499531869,0.006809212499531869,FALSE,TRUE,Jaccard similarity,GDP per capita,Jaccard similarity vs GDP per capita
jaccard,gdp_pc,Rio_de_Janeiro,15,-0.3789098921424512,0.1636832254344109,16,-0.4032377839281032,0.12144556683501995,0.31228860043290846,0.024327891785652034,0.024327891785652034,FALSE,TRUE,Jaccard similarity,GDP per capita,Jaccard similarity vs GDP per capita
jaccard,gdp_pc,Santiago,15,-0.46827543274208594,0.07832728668625452,16,-0.4032377839281032,0.12144556683501995,0.31228860043290846,-0.06503764881398272,0.06503764881398272,FALSE,TRUE,Jaccard similarity,GDP per capita,Jaccard similarity vs GDP per capita
jaccard,gdp_pc,Singapore,15,-0.2752458650468749,0.3207611291068539,16,-0.4032377839281032,0.12144556683501995,0.31228860043290846,0.1279919188812283,0.1279919188812283,FALSE,TRUE,Jaccard similarity,GDP per capita,Jaccard similarity vs GDP per capita
jaccard,gdp_pc,Sofia,15,-0.4110814867583197,0.12795389231092133,16,-0.4032377839281032,0.12144556683501995,0.31228860043290846,-0.007843702830216459,0.007843702830216459,FALSE,TRUE,Jaccard similarity,GDP per capita,Jaccard similarity vs GDP per capita
jaccard,gdp_pc,Taipei,15,-0.46827543274208594,0.07832728668625452,16,-0.4032377839281032,0.12144556683501995,0.31228860043290846,-0.06503764881398272,0.06503764881398272,FALSE,TRUE,Jaccard similarity,GDP per capita,Jaccard similarity vs GDP per capita
jaccard,gdp_pc,Vienna,15,-0.48257391923802745,0.06846606504894186,16,-0.4032377839281032,0.12144556683501995,0.31228860043290846,-0.07933613530992423,0.07933613530992423,FALSE,TRUE,Jaccard similarity,GDP per capita,Jaccard similarity vs GDP per capita
jaccard,humidity_june,Barcelona,15,0.0607142857142857,0.8298120954425188,16,0.0911764705882353,0.7370049501736589,0.8448469792131229,-0.030462184873949603,0.030462184873949603,FALSE,TRUE,Jaccard similarity,June relative humidity,Jaccard similarity vs June relative humidity
jaccard,humidity_june,Berlin,15,0.0607142857142857,0.8298120954425188,16,0.0911764705882353,0.7370049501736589,0.8448469792131229,-0.030462184873949603,0.030462184873949603,FALSE,TRUE,Jaccard similarity,June relative humidity,Jaccard similarity vs June relative humidity
jaccard,humidity_june,Bogota,15,0.13214285714285712,0.6387442188840665,16,0.0911764705882353,0.7370049501736589,0.8448469792131229,0.040966386554621814,0.040966386554621814,FALSE,TRUE,Jaccard similarity,June relative humidity,Jaccard similarity vs June relative humidity
jaccard,humidity_june,Hanoi,15,0.04285714285714285,0.8794603130259,16,0.0911764705882353,0.7370049501736589,0.8448469792131229,-0.04831932773109245,0.04831932773109245,FALSE,TRUE,Jaccard similarity,June relative humidity,Jaccard similarity vs June relative humidity
jaccard,humidity_june,Hong_Kong,15,0.2428571428571428,0.38312834183934175,16,0.0911764705882353,0.7370049501736589,0.8448469792131229,0.1516806722689075,0.1516806722689075,FALSE,TRUE,Jaccard similarity,June relative humidity,Jaccard similarity vs June relative humidity
jaccard,humidity_june,Ilorin,15,-0.05357142857142856,0.8496099367776071,16,0.0911764705882353,0.7370049501736589,0.8448469792131229,-0.14474789915966385,0.14474789915966385,TRUE,FALSE,Jaccard similarity,June relative humidity,Jaccard similarity vs June relative humidity
jaccard,humidity_june,Kuala_Lumpur,15,-0.09642857142857142,0.7324528633867305,16,0.0911764705882353,0.7370049501736589,0.8448469792131229,-0.18760504201680672,0.18760504201680672,TRUE,FALSE,Jaccard similarity,June relative humidity,Jaccard similarity vs June relative humidity
jaccard,humidity_june,Lisbon,15,0.09999999999999998,0.7228973252791182,16,0.0911764705882353,0.7370049501736589,0.8448469792131229,0.008823529411764675,0.008823529411764675,FALSE,TRUE,Jaccard similarity,June relative humidity,Jaccard similarity vs June relative humidity
jaccard,humidity_june,Oslo,15,0.09999999999999998,0.7228973252791182,16,0.0911764705882353,0.7370049501736589,0.8448469792131229,0.008823529411764675,0.008823529411764675,FALSE,TRUE,Jaccard similarity,June relative humidity,Jaccard similarity vs June relative humidity
jaccard,humidity_june,Porto,15,0.10357142857142856,0.7133796306287292,16,0.0911764705882353,0.7370049501736589,0.8448469792131229,0.012394957983193261,0.012394957983193261,FALSE,TRUE,Jaccard similarity,June relative humidity,Jaccard similarity vs June relative humidity
jaccard,humidity_june,Rio_de_Janeiro,15,0.06428571428571428,0.8199479653196377,16,0.0911764705882353,0.7370049501736589,0.8448469792131229,-0.026890756302521024,0.026890756302521024,FALSE,TRUE,Jaccard similarity,June relative humidity,Jaccard similarity vs June relative humidity
jaccard,humidity_june,Santiago,15,0.05714285714285713,0.8396998687415758,16,0.0911764705882353,0.7370049501736589,0.8448469792131229,-0.034033613445378176,0.034033613445378176,FALSE,TRUE,Jaccard similarity,June relative humidity,Jaccard similarity vs June relative humidity
jaccard,humidity_june,Singapore,15,0.20357142857142851,0.4667950724891121,16,0.0911764705882353,0.7370049501736589,0.8448469792131229,0.11239495798319321,0.11239495798319321,FALSE,TRUE,Jaccard similarity,June relative humidity,Jaccard similarity vs June relative humidity
jaccard,humidity_june,Sofia,15,0.13214285714285712,0.6387442188840665,16,0.0911764705882353,0.7370049501736589,0.8448469792131229,0.040966386554621814,0.040966386554621814,FALSE,TRUE,Jaccard similarity,June relative humidity,Jaccard similarity vs June relative humidity
jaccard,humidity_june,Taipei,15,0.19999999999999996,0.4748139645221686,16,0.0911764705882353,0.7370049501736589,0.8448469792131229,0.10882352941176465,0.10882352941176465,FALSE,TRUE,Jaccard similarity,June relative humidity,Jaccard similarity vs June relative humidity
jaccard,humidity_june,Vienna,15,0.1107142857142857,0.694462647207096,16,0.0911764705882353,0.7370049501736589,0.8448469792131229,0.019537815126050392,0.019537815126050392,FALSE,TRUE,Jaccard similarity,June relative humidity,Jaccard similarity vs June relative humidity
jaccard,pop_density,Barcelona,15,-0.5714285714285713,0.02606319337636294,16,-0.5588235294117646,0.02443651142450584,0.2307784272817382,-0.012605042016806678,0.012605042016806678,FALSE,TRUE,Jaccard similarity,Population density,Jaccard similarity vs Population density
jaccard,pop_density,Berlin,15,-0.5785714285714284,0.02384665876299667,16,-0.5588235294117646,0.02443651142450584,0.2307784272817382,-0.019747899159663795,0.019747899159663795,FALSE,TRUE,Jaccard similarity,Population density,Jaccard similarity vs Population density
jaccard,pop_density,Bogota,15,-0.6428571428571428,0.009739944695595278,16,-0.5588235294117646,0.02443651142450584,0.2307784272817382,-0.08403361344537819,0.08403361344537819,FALSE,TRUE,Jaccard similarity,Population density,Jaccard similarity vs Population density
jaccard,pop_density,Hanoi,15,-0.5214285714285714,0.04621923447857303,16,-0.5588235294117646,0.02443651142450584,0.2307784272817382,0.037394957983193255,0.037394957983193255,FALSE,TRUE,Jaccard similarity,Population density,Jaccard similarity vs Population density
jaccard,pop_density,Hong_Kong,15,-0.5678571428571427,0.02722835670886193,16,-0.5588235294117646,0.02443651142450584,0.2307784272817382,-0.00903361344537812,0.00903361344537812,FALSE,TRUE,Jaccard similarity,Population density,Jaccard similarity vs Population density
jaccard,pop_density,Ilorin,15,-0.46428571428571425,0.08125098075549496,16,-0.5588235294117646,0.02443651142450584,0.2307784272817382,0.09453781512605036,0.09453781512605036,FALSE,TRUE,Jaccard similarity,Population density,Jaccard similarity vs Population density
jaccard,pop_density,Kuala_Lumpur,15,-0.6857142857142856,0.004772245222691271,16,-0.5588235294117646,0.02443651142450584,0.2307784272817382,-0.126890756302521,0.126890756302521,FALSE,TRUE,Jaccard similarity,Population density,Jaccard similarity vs Population density
jaccard,pop_density,Lisbon,15,-0.5428571428571428,0.036521822554837394,16,-0.5588235294117646,0.02443651142450584,0.2307784272817382,0.015966386554621792,0.015966386554621792,FALSE,TRUE,Jaccard similarity,Population density,Jaccard similarity vs Population density
jaccard,pop_density,Oslo,15,-0.5678571428571427,0.02722835670886193,16,-0.5588235294117646,0.02443651142450584,0.2307784272817382,-0.00903361344537812,0.00903361344537812,FALSE,TRUE,Jaccard similarity,Population density,Jaccard similarity vs Population density
jaccard,pop_density,Porto,15,-0.5678571428571427,0.02722835670886193,16,-0.5588235294117646,0.02443651142450584,0.2307784272817382,-0.00903361344537812,0.00903361344537812,FALSE,TRUE,Jaccard similarity,Population density,Jaccard similarity vs Population density
jaccard,pop_density,Rio_de_Janeiro,15,-0.5285714285714285,0.042797289309450426,16,-0.5588235294117646,0.02443651142450584,0.2307784272817382,0.030252100840336138,0.030252100840336138,FALSE,TRUE,Jaccard similarity,Population density,Jaccard similarity vs Population density
jaccard,pop_density,Santiago,15,-0.5392857142857143,0.038021656263557926,16,-0.5588235294117646,0.02443651142450584,0.2307784272817382,0.01953781512605035,0.01953781512605035,FALSE,TRUE,Jaccard similarity,Population density,Jaccard similarity vs Population density
jaccard,pop_density,Singapore,15,-0.4999999999999999,0.05769884126896001,16,-0.5588235294117646,0.02443651142450584,0.2307784272817382,0.05882352941176472,0.05882352941176472,FALSE,TRUE,Jaccard similarity,Population density,Jaccard similarity vs Population density
jaccard,pop_density,Sofia,15,-0.5214285714285714,0.04621923447857303,16,-0.5588235294117646,0.02443651142450584,0.2307784272817382,0.037394957983193255,0.037394957983193255,FALSE,TRUE,Jaccard similarity,Population density,Jaccard similarity vs Population density
jaccard,pop_density,Taipei,15,-0.5285714285714285,0.042797289309450426,16,-0.5588235294117646,0.02443651142450584,0.2307784272817382,0.030252100840336138,0.030252100840336138,FALSE,TRUE,Jaccard similarity,Population density,Jaccard similarity vs Population density
jaccard,pop_density,Vienna,15,-0.5785714285714284,0.02384665876299667,16,-0.5588235294117646,0.02443651142450584,0.2307784272817382,-0.019747899159663795,0.019747899159663795,FALSE,TRUE,Jaccard similarity,Population density,Jaccard similarity vs Population density
jaccard,population,Barcelona,15,-0.46428571428571425,0.08125098075549496,16,-0.4705882352941176,0.06581947250108118,0.28206338924846386,0.006302521008403339,0.006302521008403339,FALSE,TRUE,Jaccard similarity,City population,Jaccard similarity vs City population
jaccard,population,Berlin,15,-0.4178571428571428,0.1211725360218785,16,-0.4705882352941176,0.06581947250108118,0.28206338924846386,0.05273109243697477,0.05273109243697477,FALSE,TRUE,Jaccard similarity,City population,Jaccard similarity vs City population
jaccard,population,Bogota,15,-0.3857142857142857,0.1556307945859602,16,-0.4705882352941176,0.06581947250108118,0.28206338924846386,0.08487394957983191,0.08487394957983191,FALSE,TRUE,Jaccard similarity,City population,Jaccard similarity vs City population
jaccard,population,Hanoi,15,-0.5999999999999999,0.018050087941499947,16,-0.4705882352941176,0.06581947250108118,0.28206338924846386,-0.12941176470588228,0.12941176470588228,FALSE,TRUE,Jaccard similarity,City population,Jaccard similarity vs City population
jaccard,population,Hong_Kong,15,-0.4214285714285714,0.11769939585541665,16,-0.4705882352941176,0.06581947250108118,0.28206338924846386,0.04915966386554621,0.04915966386554621,FALSE,TRUE,Jaccard similarity,City population,Jaccard similarity vs City population
jaccard,population,Ilorin,15,-0.43214285714285705,0.10769303754639804,16,-0.4705882352941176,0.06581947250108118,0.28206338924846386,0.038445378151260534,0.038445378151260534,FALSE,TRUE,Jaccard similarity,City population,Jaccard similarity vs City population
jaccard,population,Kuala_Lumpur,15,-0.46428571428571425,0.08125098075549496,16,-0.4705882352941176,0.06581947250108118,0.28206338924846386,0.006302521008403339,0.006302521008403339,FALSE,TRUE,Jaccard similarity,City population,Jaccard similarity vs City population
jaccard,population,Lisbon,15,-0.5178571428571428,0.04800407736655834,16,-0.4705882352941176,0.06581947250108118,0.28206338924846386,-0.04726890756302521,0.04726890756302521,FALSE,TRUE,Jaccard similarity,City population,Jaccard similarity vs City population
jaccard,population,Oslo,15,-0.5178571428571428,0.04800407736655834,16,-0.4705882352941176,0.06581947250108118,0.28206338924846386,-0.04726890756302521,0.04726890756302521,FALSE,TRUE,Jaccard similarity,City population,Jaccard similarity vs City population
jaccard,population,Porto,15,-0.5142857142857142,0.049839233471420635,16,-0.4705882352941176,0.06581947250108118,0.28206338924846386,-0.04369747899159665,0.04369747899159665,FALSE,TRUE,Jaccard similarity,City population,Jaccard similarity vs City population
jaccard,population,Rio_de_Janeiro,15,-0.5535714285714285,0.03228710377012365,16,-0.4705882352941176,0.06581947250108118,0.28206338924846386,-0.08298319327731091,0.08298319327731091,FALSE,TRUE,Jaccard similarity,City population,Jaccard similarity vs City population
jaccard,population,Santiago,15,-0.43214285714285705,0.10769303754639804,16,-0.4705882352941176,0.06581947250108118,0.28206338924846386,0.038445378151260534,0.038445378151260534,FALSE,TRUE,Jaccard similarity,City population,Jaccard similarity vs City population
jaccard,population,Singapore,15,-0.47142857142857136,0.07607042915033106,16,-0.4705882352941176,0.06581947250108118,0.28206338924846386,-8.403361344537785e-4,8.403361344537785e-4,FALSE,TRUE,Jaccard similarity,City population,Jaccard similarity vs City population
jaccard,population,Sofia,15,-0.4392857142857142,0.10136057119347243,16,-0.4705882352941176,0.06581947250108118,0.28206338924846386,0.03130252100840336,0.03130252100840336,FALSE,TRUE,Jaccard similarity,City population,Jaccard similarity vs City population
jaccard,population,Taipei,15,-0.3928571428571428,0.14746665531132613,16,-0.4705882352941176,0.06581947250108118,0.28206338924846386,0.07773109243697479,0.07773109243697479,FALSE,TRUE,Jaccard similarity,City population,Jaccard similarity vs City population
jaccard,population,Vienna,15,-0.4785714285714285,0.07113080825563328,16,-0.4705882352941176,0.06581947250108118,0.28206338924846386,-0.007983193277310896,0.007983193277310896,FALSE,TRUE,Jaccard similarity,City population,Jaccard similarity vs City population
jaccard,precipitation_june,Barcelona,15,-0.15357142857142855,0.584764094941016,16,-0.1264705882352941,0.6406944408168836,0.8237499953359934,-0.02710084033613444,0.02710084033613444,FALSE,TRUE,Jaccard similarity,June precipitation,Jaccard similarity vs June precipitation
jaccard,precipitation_june,Berlin,15,-0.12857142857142856,0.6479163294665075,16,-0.1264705882352941,0.6406944408168836,0.8237499953359934,-0.0021008403361344463,0.0021008403361344463,FALSE,TRUE,Jaccard similarity,June precipitation,Jaccard similarity vs June precipitation
jaccard,precipitation_june,Bogota,15,-0.05357142857142856,0.8496099367776071,16,-0.1264705882352941,0.6406944408168836,0.8237499953359934,0.07289915966386555,0.07289915966386555,FALSE,TRUE,Jaccard similarity,June precipitation,Jaccard similarity vs June precipitation
jaccard,precipitation_june,Hanoi,15,-0.23571428571428568,0.3977029459032726,16,-0.1264705882352941,0.6406944408168836,0.8237499953359934,-0.10924369747899157,0.10924369747899157,FALSE,TRUE,Jaccard similarity,June precipitation,Jaccard similarity vs June precipitation
jaccard,precipitation_june,Hong_Kong,15,0.028571428571428564,0.9194899083821857,16,-0.1264705882352941,0.6406944408168836,0.8237499953359934,0.15504201680672267,0.15504201680672267,TRUE,FALSE,Jaccard similarity,June precipitation,Jaccard similarity vs June precipitation
jaccard,precipitation_june,Ilorin,15,-0.2678571428571428,0.33444360051235367,16,-0.1264705882352941,0.6406944408168836,0.8237499953359934,-0.14138655462184868,0.14138655462184868,FALSE,TRUE,Jaccard similarity,June precipitation,Jaccard similarity vs June precipitation
jaccard,precipitation_june,Kuala_Lumpur,15,-0.1714285714285714,0.541272176099633,16,-0.1264705882352941,0.6406944408168836,0.8237499953359934,-0.04495798319327729,0.04495798319327729,FALSE,TRUE,Jaccard similarity,June precipitation,Jaccard similarity vs June precipitation
jaccard,precipitation_june,Lisbon,15,-0.15357142857142855,0.584764094941016,16,-0.1264705882352941,0.6406944408168836,0.8237499953359934,-0.02710084033613444,0.02710084033613444,FALSE,TRUE,Jaccard similarity,June precipitation,Jaccard similarity vs June precipitation
jaccard,precipitation_june,Oslo,15,-0.1357142857142857,0.6296204418728146,16,-0.1264705882352941,0.6406944408168836,0.8237499953359934,-0.009243697478991592,0.009243697478991592,FALSE,TRUE,Jaccard similarity,June precipitation,Jaccard similarity vs June precipitation
jaccard,precipitation_june,Porto,15,-0.1357142857142857,0.6296204418728146,16,-0.1264705882352941,0.6406944408168836,0.8237499953359934,-0.009243697478991592,0.009243697478991592,FALSE,TRUE,Jaccard similarity,June precipitation,Jaccard similarity vs June precipitation
jaccard,precipitation_june,Rio_de_Janeiro,15,-0.1357142857142857,0.6296204418728146,16,-0.1264705882352941,0.6406944408168836,0.8237499953359934,-0.009243697478991592,0.009243697478991592,FALSE,TRUE,Jaccard similarity,June precipitation,Jaccard similarity vs June precipitation
jaccard,precipitation_june,Santiago,15,-0.12857142857142856,0.6479163294665075,16,-0.1264705882352941,0.6406944408168836,0.8237499953359934,-0.0021008403361344463,0.0021008403361344463,FALSE,TRUE,Jaccard similarity,June precipitation,Jaccard similarity vs June precipitation
jaccard,precipitation_june,Singapore,15,-0.05357142857142856,0.8496099367776071,16,-0.1264705882352941,0.6406944408168836,0.8237499953359934,0.07289915966386555,0.07289915966386555,FALSE,TRUE,Jaccard similarity,June precipitation,Jaccard similarity vs June precipitation
jaccard,precipitation_june,Sofia,15,-0.14642857142857138,0.6025499209830547,16,-0.1264705882352941,0.6406944408168836,0.8237499953359934,-0.019957983193277268,0.019957983193277268,FALSE,TRUE,Jaccard similarity,June precipitation,Jaccard similarity vs June precipitation
jaccard,precipitation_june,Taipei,15,0.028571428571428564,0.9194899083821857,16,-0.1264705882352941,0.6406944408168836,0.8237499953359934,0.15504201680672267,0.15504201680672267,TRUE,FALSE,Jaccard similarity,June precipitation,Jaccard similarity vs June precipitation
jaccard,precipitation_june,Vienna,15,-0.16785714285714284,0.549855554227801,16,-0.1264705882352941,0.6406944408168836,0.8237499953359934,-0.04138655462184873,0.04138655462184873,FALSE,TRUE,Jaccard similarity,June precipitation,Jaccard similarity vs June precipitation
jaccard,sanitation,Barcelona,15,-0.33989320933669775,0.21515508457382324,16,-0.35346135534751466,0.17927285792318035,0.3578956089273046,0.013568146010816906,0.013568146010816906,FALSE,TRUE,Jaccard similarity,Sanitation coverage,Jaccard similarity vs Sanitation coverage
jaccard,sanitation,Berlin,15,-0.33989320933669775,0.21515508457382324,16,-0.35346135534751466,0.17927285792318035,0.3578956089273046,0.013568146010816906,0.013568146010816906,FALSE,TRUE,Jaccard similarity,Sanitation coverage,Jaccard similarity vs Sanitation coverage
jaccard,sanitation,Bogota,15,-0.5903408372690013,0.02051077891832706,16,-0.35346135534751466,0.17927285792318035,0.3578956089273046,-0.23687948192148667,0.23687948192148667,FALSE,TRUE,Jaccard similarity,Sanitation coverage,Jaccard similarity vs Sanitation coverage
jaccard,sanitation,Hanoi,15,-0.29338150700641275,0.28856881432300824,16,-0.35346135534751466,0.17927285792318035,0.3578956089273046,0.060079848341101916,0.060079848341101916,FALSE,TRUE,Jaccard similarity,Sanitation coverage,Jaccard similarity vs Sanitation coverage
jaccard,sanitation,Hong_Kong,15,-0.31099208128672884,0.2592191111479853,16,-0.35346135534751466,0.17927285792318035,0.3578956089273046,0.04246927406078582,0.04246927406078582,FALSE,TRUE,Jaccard similarity,Sanitation coverage,Jaccard similarity vs Sanitation coverage
jaccard,sanitation,Ilorin,15,-0.26475892095700665,0.34027767769099126,16,-0.35346135534751466,0.17927285792318035,0.3578956089273046,0.08870243439050801,0.08870243439050801,FALSE,TRUE,Jaccard similarity,Sanitation coverage,Jaccard similarity vs Sanitation coverage
jaccard,sanitation,Kuala_Lumpur,15,-0.35062667910522505,0.20008460458388633,16,-0.35346135534751466,0.17927285792318035,0.3578956089273046,0.0028346762422896132,0.0028346762422896132,FALSE,TRUE,Jaccard similarity,Sanitation coverage,Jaccard similarity vs Sanitation coverage
jaccard,sanitation,Lisbon,15,-0.33601443265462655,0.22077299951990687,16,-0.35346135534751466,0.17927285792318035,0.3578956089273046,0.01744692269288811,0.01744692269288811,FALSE,TRUE,Jaccard similarity,Sanitation coverage,Jaccard similarity vs Sanitation coverage
jaccard,sanitation,Oslo,15,-0.35599341398948864,0.19281025932851706,16,-0.35346135534751466,0.17927285792318035,0.3578956089273046,-0.0025320586419739777,0.0025320586419739777,FALSE,TRUE,Jaccard similarity,Sanitation coverage,Jaccard similarity vs Sanitation coverage
jaccard,sanitation,Porto,15,-0.34673829752658275,0.2054636030800637,16,-0.35346135534751466,0.17927285792318035,0.3578956089273046,0.00672305782093191,0.00672305782093191,FALSE,TRUE,Jaccard similarity,Sanitation coverage,Jaccard similarity vs Sanitation coverage
jaccard,sanitation,Rio_de_Janeiro,15,-0.33273756282434624,0.22559044917937993,16,-0.35346135534751466,0.17927285792318035,0.3578956089273046,0.020723792523168416,0.020723792523168416,FALSE,TRUE,Jaccard similarity,Sanitation coverage,Jaccard similarity vs Sanitation coverage
jaccard,sanitation,Santiago,15,-0.33601443265462655,0.22077299951990687,16,-0.35346135534751466,0.17927285792318035,0.3578956089273046,0.01744692269288811,0.01744692269288811,FALSE,TRUE,Jaccard similarity,Sanitation coverage,Jaccard similarity vs Sanitation coverage
jaccard,sanitation,Singapore,15,-0.21466939537054594,0.44230522986999754,16,-0.35346135534751466,0.17927285792318035,0.3578956089273046,0.13879195997696872,0.13879195997696872,FALSE,TRUE,Jaccard similarity,Sanitation coverage,Jaccard similarity vs Sanitation coverage
jaccard,sanitation,Sofia,15,-0.33273756282434624,0.22559044917937993,16,-0.35346135534751466,0.17927285792318035,0.3578956089273046,0.020723792523168416,0.020723792523168416,FALSE,TRUE,Jaccard similarity,Sanitation coverage,Jaccard similarity vs Sanitation coverage
jaccard,sanitation,Taipei,15,-0.4525946419062344,0.09026489248581686,16,-0.35346135534751466,0.17927285792318035,0.3578956089273046,-0.09913328655871972,0.09913328655871972,FALSE,TRUE,Jaccard similarity,Sanitation coverage,Jaccard similarity vs Sanitation coverage
jaccard,sanitation,Vienna,15,-0.44365008376579496,0.09762215811606112,16,-0.35346135534751466,0.17927285792318035,0.3578956089273046,-0.0901887284182803,0.0901887284182803,FALSE,TRUE,Jaccard similarity,Sanitation coverage,Jaccard similarity vs Sanitation coverage
jaccard,temp_june_c,Barcelona,15,0.05357142857142856,0.8496099367776071,16,0.049999999999999996,0.8540995521297435,0.8540995521297435,0.0035714285714285657,0.0035714285714285657,FALSE,TRUE,Jaccard similarity,Average June temperature,Jaccard similarity vs Average June temperature
jaccard,temp_june_c,Berlin,15,0.024999999999999994,0.9295289708192378,16,0.049999999999999996,0.8540995521297435,0.8540995521297435,-0.025,0.025,FALSE,TRUE,Jaccard similarity,Average June temperature,Jaccard similarity vs Average June temperature
jaccard,temp_june_c,Bogota,15,-0.07499999999999998,0.790510794155268,16,0.049999999999999996,0.8540995521297435,0.8540995521297435,-0.12499999999999997,0.12499999999999997,TRUE,FALSE,Jaccard similarity,Average June temperature,Jaccard similarity vs Average June temperature
jaccard,temp_june_c,Hanoi,15,0.017857142857142853,0.9496353041738619,16,0.049999999999999996,0.8540995521297435,0.8540995521297435,-0.03214285714285714,0.03214285714285714,FALSE,TRUE,Jaccard similarity,Average June temperature,Jaccard similarity vs Average June temperature
jaccard,temp_june_c,Hong_Kong,15,0.2178571428571428,0.4353926735155377,16,0.049999999999999996,0.8540995521297435,0.8540995521297435,0.16785714285714282,0.16785714285714282,FALSE,TRUE,Jaccard similarity,Average June temperature,Jaccard similarity vs Average June temperature
jaccard,temp_june_c,Ilorin,15,0.0035714285714285704,0.9899214068809782,16,0.049999999999999996,0.8540995521297435,0.8540995521297435,-0.04642857142857142,0.04642857142857142,FALSE,TRUE,Jaccard similarity,Average June temperature,Jaccard similarity vs Average June temperature
jaccard,temp_june_c,Kuala_Lumpur,15,-0.09285714285714285,0.7420450099073673,16,0.049999999999999996,0.8540995521297435,0.8540995521297435,-0.14285714285714285,0.14285714285714285,TRUE,FALSE,Jaccard similarity,Average June temperature,Jaccard similarity vs Average June temperature
jaccard,temp_june_c,Lisbon,15,0.05357142857142856,0.8496099367776071,16,0.049999999999999996,0.8540995521297435,0.8540995521297435,0.0035714285714285657,0.0035714285714285657,FALSE,TRUE,Jaccard similarity,Average June temperature,Jaccard similarity vs Average June temperature
jaccard,temp_june_c,Oslo,15,0.05357142857142856,0.8496099367776071,16,0.049999999999999996,0.8540995521297435,0.8540995521297435,0.0035714285714285657,0.0035714285714285657,FALSE,TRUE,Jaccard similarity,Average June temperature,Jaccard similarity vs Average June temperature
jaccard,temp_june_c,Porto,15,0.03214285714285714,0.9094621170945906,16,0.049999999999999996,0.8540995521297435,0.8540995521297435,-0.017857142857142856,0.017857142857142856,FALSE,TRUE,Jaccard similarity,Average June temperature,Jaccard similarity vs Average June temperature
jaccard,temp_june_c,Rio_de_Janeiro,15,0.03214285714285714,0.9094621170945906,16,0.049999999999999996,0.8540995521297435,0.8540995521297435,-0.017857142857142856,0.017857142857142856,FALSE,TRUE,Jaccard similarity,Average June temperature,Jaccard similarity vs Average June temperature
jaccard,temp_june_c,Santiago,15,-0.0035714285714285704,0.9899214068809782,16,0.049999999999999996,0.8540995521297435,0.8540995521297435,-0.05357142857142857,0.05357142857142857,TRUE,FALSE,Jaccard similarity,Average June temperature,Jaccard similarity vs Average June temperature
jaccard,temp_june_c,Singapore,15,0.20714285714285713,0.4588428049634703,16,0.049999999999999996,0.8540995521297435,0.8540995521297435,0.15714285714285714,0.15714285714285714,FALSE,TRUE,Jaccard similarity,Average June temperature,Jaccard similarity vs Average June temperature
jaccard,temp_june_c,Sofia,15,0.09642857142857142,0.7324528633867308,16,0.049999999999999996,0.8540995521297435,0.8540995521297435,0.04642857142857142,0.04642857142857142,FALSE,TRUE,Jaccard similarity,Average June temperature,Jaccard similarity vs Average June temperature
jaccard,temp_june_c,Taipei,15,0.17857142857142855,0.5242843600465525,16,0.049999999999999996,0.8540995521297435,0.8540995521297435,0.12857142857142856,0.12857142857142856,FALSE,TRUE,Jaccard similarity,Average June temperature,Jaccard similarity vs Average June temperature
jaccard,temp_june_c,Vienna,15,0.007142857142857141,0.9798442277615983,16,0.049999999999999996,0.8540995521297435,0.8540995521297435,-0.04285714285714286,0.04285714285714286,FALSE,TRUE,Jaccard similarity,Average June temperature,Jaccard similarity vs Average June temperature
jaccard,wastewater,Barcelona,15,-0.26809662179890414,0.33399502645521817,16,-0.2707874169444197,0.3103906126453603,0.4655859189680404,0.0026907951455155676,0.0026907951455155676,FALSE,TRUE,Jaccard similarity,Wastewater-treatment coverage,Jaccard similarity vs Wastewater-treatment coverage
jaccard,wastewater,Berlin,15,-0.22162654068709411,0.4272901036828519,16,-0.2707874169444197,0.3103906126453603,0.4655859189680404,0.0491608762573256,0.0491608762573256,FALSE,TRUE,Jaccard similarity,Wastewater-treatment coverage,Jaccard similarity vs Wastewater-treatment coverage
jaccard,wastewater,Bogota,15,-0.4897231624859983,0.06388674568995921,16,-0.2707874169444197,0.3103906126453603,0.4655859189680404,-0.21893574554157857,0.21893574554157857,FALSE,TRUE,Jaccard similarity,Wastewater-treatment coverage,Jaccard similarity vs Wastewater-treatment coverage
jaccard,wastewater,Hanoi,15,-0.21090267581513794,0.4505438231893524,16,-0.2707874169444197,0.3103906126453603,0.4655859189680404,0.05988474112928177,0.05988474112928177,FALSE,TRUE,Jaccard similarity,Wastewater-treatment coverage,Jaccard similarity vs Wastewater-treatment coverage
jaccard,wastewater,Hong_Kong,15,-0.20732805419115258,0.4584322689525694,16,-0.2707874169444197,0.3103906126453603,0.4655859189680404,0.06345936275326713,0.06345936275326713,FALSE,TRUE,Jaccard similarity,Wastewater-treatment coverage,Jaccard similarity vs Wastewater-treatment coverage
jaccard,wastewater,Ilorin,15,-0.16443259470332788,0.5581408249113966,16,-0.2707874169444197,0.3103906126453603,0.4655859189680404,0.10635482224109183,0.10635482224109183,FALSE,TRUE,Jaccard similarity,Wastewater-treatment coverage,Jaccard similarity vs Wastewater-treatment coverage
jaccard,wastewater,Kuala_Lumpur,15,-0.3574621623985389,0.19084962331951769,16,-0.2707874169444197,0.3103906126453603,0.4655859189680404,-0.08667474545411918,0.08667474545411918,FALSE,TRUE,Jaccard similarity,Wastewater-treatment coverage,Jaccard similarity vs Wastewater-treatment coverage
jaccard,wastewater,Lisbon,15,-0.26428571428571423,0.3411737579900824,16,-0.2707874169444197,0.3103906126453603,0.4655859189680404,0.006501702658705477,0.006501702658705477,FALSE,TRUE,Jaccard similarity,Wastewater-treatment coverage,Jaccard similarity vs Wastewater-treatment coverage
jaccard,wastewater,Oslo,15,-0.280607797482853,0.31103662450160674,16,-0.2707874169444197,0.3103906126453603,0.4655859189680404,-0.009820380538433315,0.009820380538433315,FALSE,TRUE,Jaccard similarity,Wastewater-treatment coverage,Jaccard similarity vs Wastewater-treatment coverage
jaccard,wastewater,Porto,15,-0.27499999999999997,0.32121117331937676,16,-0.2707874169444197,0.3103906126453603,0.4655859189680404,-0.004212583055580255,0.004212583055580255,FALSE,TRUE,Jaccard similarity,Wastewater-treatment coverage,Jaccard similarity vs Wastewater-treatment coverage
jaccard,wastewater,Rio_de_Janeiro,15,-0.24664889205499185,0.3755101232293657,16,-0.2707874169444197,0.3103906126453603,0.4655859189680404,0.02413852488942786,0.02413852488942786,FALSE,TRUE,Jaccard similarity,Wastewater-treatment coverage,Jaccard similarity vs Wastewater-treatment coverage
jaccard,wastewater,Santiago,15,-0.26809662179890414,0.33399502645521817,16,-0.2707874169444197,0.3103906126453603,0.4655859189680404,0.0026907951455155676,0.0026907951455155676,FALSE,TRUE,Jaccard similarity,Wastewater-treatment coverage,Jaccard similarity vs Wastewater-treatment coverage
jaccard,wastewater,Singapore,15,-0.11438789196753243,0.6847975421113992,16,-0.2707874169444197,0.3103906126453603,0.4655859189680404,0.15639952497688728,0.15639952497688728,FALSE,TRUE,Jaccard similarity,Wastewater-treatment coverage,Jaccard similarity vs Wastewater-treatment coverage
jaccard,wastewater,Sofia,15,-0.2645220001749188,0.3407261531368674,16,-0.2707874169444197,0.3103906126453603,0.4655859189680404,0.006265416769500931,0.006265416769500931,FALSE,TRUE,Jaccard similarity,Wastewater-treatment coverage,Jaccard similarity vs Wastewater-treatment coverage
jaccard,wastewater,Taipei,15,-0.3503129191505681,0.20051525895443192,16,-0.2707874169444197,0.3103906126453603,0.4655859189680404,-0.0795255022061484,0.0795255022061484,FALSE,TRUE,Jaccard similarity,Wastewater-treatment coverage,Jaccard similarity vs Wastewater-treatment coverage
jaccard,wastewater,Vienna,15,-0.3395890542786119,0.21559231098078116,16,-0.2707874169444197,0.3103906126453603,0.4655859189680404,-0.0688016373341922,0.0688016373341922,FALSE,TRUE,Jaccard similarity,Wastewater-treatment coverage,Jaccard similarity vs Wastewater-treatment coverage
shared_arg_groups,elevation_m,Barcelona,15,-0.21602869051527712,0.43935090619207495,16,-0.08142297624597229,0.7643524049920344,0.8448469792131229,-0.13460571426930484,0.13460571426930484,FALSE,TRUE,Shared ARG-group count,Elevation,Shared ARG-group count vs Elevation
shared_arg_groups,elevation_m,Berlin,15,-0.15799151960842542,0.5738669040152509,16,-0.08142297624597229,0.7643524049920344,0.8448469792131229,-0.07656854336245313,0.07656854336245313,FALSE,TRUE,Shared ARG-group count,Elevation,Shared ARG-group count vs Elevation
shared_arg_groups,elevation_m,Bogota,15,-0.0378050208401735,0.8935905170791159,16,-0.08142297624597229,0.7643524049920344,0.8448469792131229,0.04361795540579879,0.04361795540579879,FALSE,TRUE,Shared ARG-group count,Elevation,Shared ARG-group count vs Elevation
shared_arg_groups,elevation_m,Hanoi,15,0.021602869051527713,0.9390872746372438,16,-0.08142297624597229,0.7643524049920344,0.8448469792131229,0.1030258452975,0.1030258452975,TRUE,FALSE,Shared ARG-group count,Elevation,Shared ARG-group count vs Elevation
shared_arg_groups,elevation_m,Hong_Kong,15,-0.10621410617001126,0.7063620953965033,16,-0.08142297624597229,0.7643524049920344,0.8448469792131229,-0.024791129924038965,0.024791129924038965,FALSE,TRUE,Shared ARG-group count,Elevation,Shared ARG-group count vs Elevation
shared_arg_groups,elevation_m,Ilorin,15,-0.11881577978340244,0.673208092598699,16,-0.08142297624597229,0.7643524049920344,0.8448469792131229,-0.037392803537430144,0.037392803537430144,FALSE,TRUE,Shared ARG-group count,Elevation,Shared ARG-group count vs Elevation
shared_arg_groups,elevation_m,Kuala_Lumpur,15,-0.0576076508040739,0.8384117611514625,16,-0.08142297624597229,0.7643524049920344,0.8448469792131229,0.02381532544189839,0.02381532544189839,FALSE,TRUE,Shared ARG-group count,Elevation,Shared ARG-group count vs Elevation
shared_arg_groups,elevation_m,Lisbon,15,0,1,16,-0.08142297624597229,0.7643524049920344,0.8448469792131229,0.08142297624597229,0.08142297624597229,FALSE,FALSE,Shared ARG-group count,Elevation,Shared ARG-group count vs Elevation
shared_arg_groups,elevation_m,Oslo,15,-0.15799151960842542,0.5738669040152509,16,-0.08142297624597229,0.7643524049920344,0.8448469792131229,-0.07656854336245313,0.07656854336245313,FALSE,TRUE,Shared ARG-group count,Elevation,Shared ARG-group count vs Elevation
shared_arg_groups,elevation_m,Porto,15,-0.08976790886842353,0.7503706451859528,16,-0.08142297624597229,0.7643524049920344,0.8448469792131229,-0.008344932622451243,0.008344932622451243,FALSE,TRUE,Shared ARG-group count,Elevation,Shared ARG-group count vs Elevation
shared_arg_groups,elevation_m,Rio_de_Janeiro,15,-0.09515398340052894,0.7358720165647319,16,-0.08142297624597229,0.7643524049920344,0.8448469792131229,-0.013731007154556649,0.013731007154556649,FALSE,TRUE,Shared ARG-group count,Elevation,Shared ARG-group count vs Elevation
shared_arg_groups,elevation_m,Santiago,15,0.041405499015428116,0.8835171175305181,16,-0.08142297624597229,0.7643524049920344,0.8448469792131229,0.12282847526140041,0.12282847526140041,TRUE,FALSE,Shared ARG-group count,Elevation,Shared ARG-group count vs Elevation
shared_arg_groups,elevation_m,Singapore,15,-0.077200401626844245,0.7844963450129714,16,-0.08142297624597229,0.7643524049920344,0.8448469792131229,0.004222574619128047,0.004222574619128047,FALSE,TRUE,Shared ARG-group count,Elevation,Shared ARG-group count vs Elevation
shared_arg_groups,elevation_m,Sofia,15,-0.09352760024870506,0.7402415609072774,16,-0.08142297624597229,0.7643524049920344,0.8448469792131229,-0.012104624002732767,0.012104624002732767,FALSE,TRUE,Shared ARG-group count,Elevation,Shared ARG-group count vs Elevation
shared_arg_groups,elevation_m,Taipei,15,-0.07360968527210729,0.7943166842617597,16,-0.08142297624597229,0.7643524049920344,0.8448469792131229,0.007813290973865003,0.007813290973865003,FALSE,TRUE,Shared ARG-group count,Elevation,Shared ARG-group count vs Elevation
shared_arg_groups,elevation_m,Vienna,15,-0.08641147620611085,0.7594454324392133,16,-0.08142297624597229,0.7643524049920344,0.8448469792131229,-0.004988499960138559,0.004988499960138559,FALSE,TRUE,Shared ARG-group count,Elevation,Shared ARG-group count vs Elevation
shared_arg_groups,gdp_pc,Barcelona,15,-0.4567686200678984,0.08696937511719482,16,-0.4526005395579799,0.07835094145790662,0.28206338924846386,-0.004168080509918515,0.004168080509918515,FALSE,TRUE,Shared ARG-group count,GDP per capita,Shared ARG-group count vs GDP per capita
shared_arg_groups,gdp_pc,Berlin,15,-0.42138789990331094,0.11773855736932103,16,-0.4526005395579799,0.07835094145790662,0.28206338924846386,0.031212639654668972,0.031212639654668972,FALSE,TRUE,Shared ARG-group count,GDP per capita,Shared ARG-group count vs GDP per capita
shared_arg_groups,gdp_pc,Bogota,15,-0.49640928926511246,0.05980889259257162,16,-0.4526005395579799,0.07835094145790662,0.28206338924846386,-0.043808749707132555,0.043808749707132555,FALSE,TRUE,Shared ARG-group count,GDP per capita,Shared ARG-group count vs GDP per capita
shared_arg_groups,gdp_pc,Hanoi,15,-0.341450309676003,0.21292553278833246,16,-0.4526005395579799,0.07835094145790662,0.28206338924846386,0.11115022988197693,0.11115022988197693,FALSE,TRUE,Shared ARG-group count,GDP per capita,Shared ARG-group count vs GDP per capita
shared_arg_groups,gdp_pc,Hong_Kong,15,-0.5054185322644793,0.0546182429926903,16,-0.4526005395579799,0.07835094145790662,0.28206338924846386,-0.052817992706499395,0.052817992706499395,FALSE,TRUE,Shared ARG-group count,GDP per capita,Shared ARG-group count vs GDP per capita
shared_arg_groups,gdp_pc,Ilorin,15,-0.35226140127524314,0.19785045325792747,16,-0.4526005395579799,0.07835094145790662,0.28206338924846386,0.10033913828273677,0.10033913828273677,FALSE,TRUE,Shared ARG-group count,GDP per capita,Shared ARG-group count vs GDP per capita
shared_arg_groups,gdp_pc,Kuala_Lumpur,15,-0.3991094648719507,0.1405606632396127,16,-0.4526005395579799,0.07835094145790662,0.28206338924846386,0.053491074686029205,0.053491074686029205,FALSE,TRUE,Shared ARG-group count,GDP per capita,Shared ARG-group count vs GDP per capita
shared_arg_groups,gdp_pc,Lisbon,15,-0.4748324320318872,0.07368680300201365,16,-0.4526005395579799,0.07835094145790662,0.28206338924846386,-0.022231892473907278,0.022231892473907278,FALSE,TRUE,Shared ARG-group count,GDP per capita,Shared ARG-group count vs GDP per capita
shared_arg_groups,gdp_pc,Oslo,15,-0.3908395233644782,0.14974295245494615,16,-0.4526005395579799,0.07835094145790662,0.28206338924846386,0.06176101619350172,0.06176101619350172,FALSE,TRUE,Shared ARG-group count,GDP per capita,Shared ARG-group count vs GDP per capita
shared_arg_groups,gdp_pc,Porto,15,-0.4649977679384339,0.08072357054309046,16,-0.4526005395579799,0.07835094145790662,0.28206338924846386,-0.012397228380453984,0.012397228380453984,FALSE,TRUE,Shared ARG-group count,GDP per capita,Shared ARG-group count vs GDP per capita
shared_arg_groups,gdp_pc,Rio_de_Janeiro,15,-0.48158617131806963,0.06911687372246524,16,-0.4526005395579799,0.07835094145790662,0.28206338924846386,-0.028985631760089725,0.028985631760089725,FALSE,TRUE,Shared ARG-group count,GDP per capita,Shared ARG-group count vs GDP per capita
shared_arg_groups,gdp_pc,Santiago,15,-0.5468610500615667,0.034893442066827644,16,-0.4526005395579799,0.07835094145790662,0.28206338924846386,-0.0942605105035868,0.0942605105035868,FALSE,TRUE,Shared ARG-group count,GDP per capita,Shared ARG-group count vs GDP per capita
shared_arg_groups,gdp_pc,Singapore,15,-0.3908395233644782,0.14974295245494615,16,-0.4526005395579799,0.07835094145790662,0.28206338924846386,0.06176101619350172,0.06176101619350172,FALSE,TRUE,Shared ARG-group count,GDP per capita,Shared ARG-group count vs GDP per capita
shared_arg_groups,gdp_pc,Sofia,15,-0.4698563109546594,0.07718987414651879,16,-0.4526005395579799,0.07835094145790662,0.28206338924846386,-0.017255771396679498,0.017255771396679498,FALSE,TRUE,Shared ARG-group count,GDP per capita,Shared ARG-group count vs GDP per capita
shared_arg_groups,gdp_pc,Taipei,15,-0.45822564808249167,0.08583934414962009,16,-0.4526005395579799,0.07835094145790662,0.28206338924846386,-0.005625108524511757,0.005625108524511757,FALSE,TRUE,Shared ARG-group count,GDP per capita,Shared ARG-group count vs GDP per capita
shared_arg_groups,gdp_pc,Vienna,15,-0.5576721416608069,0.03076811566298377,16,-0.4526005395579799,0.07835094145790662,0.28206338924846386,-0.10507160210282701,0.10507160210282701,FALSE,TRUE,Shared ARG-group count,GDP per capita,Shared ARG-group count vs GDP per capita
shared_arg_groups,humidity_june,Barcelona,15,0.42845690285529964,0.11106610701295862,16,0.5299895544737834,0.03471709194776949,0.2307784272817382,-0.10153265161848374,0.10153265161848374,FALSE,TRUE,Shared ARG-group count,June relative humidity,Shared ARG-group count vs June relative humidity
shared_arg_groups,humidity_june,Berlin,15,0.4524302606968546,0.09039645673395508,16,0.5299895544737834,0.03471709194776949,0.2307784272817382,-0.07755929377692877,0.07755929377692877,FALSE,TRUE,Shared ARG-group count,June relative humidity,Shared ARG-group count vs June relative humidity
shared_arg_groups,humidity_june,Bogota,15,0.5436722044634476,0.03618582458194122,16,0.5299895544737834,0.03471709194776949,0.2307784272817382,0.013682649989664175,0.013682649989664175,FALSE,TRUE,Shared ARG-group count,June relative humidity,Shared ARG-group count vs June relative humidity
shared_arg_groups,humidity_june,Hanoi,15,0.5328707699376836,0.04083039051216897,16,0.5299895544737834,0.03471709194776949,0.2307784272817382,0.0028812154639001886,0.0028812154639001886,FALSE,TRUE,Shared ARG-group count,June relative humidity,Shared ARG-group count vs June relative humidity
shared_arg_groups,humidity_june,Hong_Kong,15,0.5544736389892113,0.03194817152560218,16,0.5299895544737834,0.03471709194776949,0.2307784272817382,0.02448408451542794,0.02448408451542794,FALSE,TRUE,Shared ARG-group count,June relative humidity,Shared ARG-group count vs June relative humidity
shared_arg_groups,humidity_june,Ilorin,15,0.4608612064325912,0.08382180839483719,16,0.5299895544737834,0.03471709194776949,0.2307784272817382,-0.06912834804119217,0.06912834804119217,FALSE,TRUE,Shared ARG-group count,June relative humidity,Shared ARG-group count vs June relative humidity
shared_arg_groups,humidity_june,Kuala_Lumpur,15,0.4464592937315728,0.09526768205068685,16,0.5299895544737834,0.03471709194776949,0.2307784272817382,-0.0835302607422106,0.0835302607422106,FALSE,TRUE,Shared ARG-group count,June relative humidity,Shared ARG-group count vs June relative humidity
shared_arg_groups,humidity_june,Lisbon,15,0.593540540039859,0.019668868674501263,16,0.5299895544737834,0.03471709194776949,0.2307784272817382,0.06355098556607564,0.06355098556607564,FALSE,TRUE,Shared ARG-group count,June relative humidity,Shared ARG-group count vs June relative humidity
shared_arg_groups,humidity_june,Oslo,15,0.5457888859200151,0.03532404933759139,16,0.5299895544737834,0.03471709194776949,0.2307784272817382,0.01579933144623169,0.01579933144623169,FALSE,TRUE,Shared ARG-group count,June relative humidity,Shared ARG-group count vs June relative humidity
shared_arg_groups,humidity_june,Porto,15,0.549379602274752,0.03389740480364576,16,0.5299895544737834,0.03471709194776949,0.2307784272817382,0.019390047800968646,0.019390047800968646,FALSE,TRUE,Shared ARG-group count,June relative humidity,Shared ARG-group count vs June relative humidity
shared_arg_groups,humidity_june,Rio_de_Janeiro,15,0.5421981695652782,0.036795175759237346,16,0.5299895544737834,0.03471709194776949,0.2307784272817382,0.012208615091494845,0.012208615091494845,FALSE,TRUE,Shared ARG-group count,June relative humidity,Shared ARG-group count vs June relative humidity
shared_arg_groups,humidity_june,Santiago,15,0.42845690285529964,0.11106610701295862,16,0.5299895544737834,0.03471709194776949,0.2307784272817382,-0.10153265161848374,0.10153265161848374,FALSE,TRUE,Shared ARG-group count,June relative humidity,Shared ARG-group count vs June relative humidity
shared_arg_groups,humidity_june,Singapore,15,0.6050357057731747,0.0168606988865856,16,0.5299895544737834,0.03471709194776949,0.2307784272817382,0.0750461512993913,0.0750461512993913,FALSE,TRUE,Shared ARG-group count,June relative humidity,Shared ARG-group count vs June relative humidity
shared_arg_groups,humidity_june,Sofia,15,0.6043321862224018,0.017023134666387777,16,0.5299895544737834,0.03471709194776949,0.2307784272817382,0.07434263174861844,0.07434263174861844,FALSE,TRUE,Shared ARG-group count,June relative humidity,Shared ARG-group count vs June relative humidity
shared_arg_groups,humidity_june,Taipei,15,0.5565610349842259,0.031174262376545234,16,0.5299895544737834,0.03471709194776949,0.2307784272817382,0.026571480510442558,0.026571480510442558,FALSE,TRUE,Shared ARG-group count,June relative humidity,Shared ARG-group count vs June relative humidity
shared_arg_groups,humidity_june,Vienna,15,0.6084808116180306,0.016082407238804726,16,0.5299895544737834,0.03471709194776949,0.2307784272817382,0.0784912571442472,0.0784912571442472,FALSE,TRUE,Shared ARG-group count,June relative humidity,Shared ARG-group count vs June relative humidity
shared_arg_groups,pop_density,Barcelona,15,-0.31324160124715184,0.25560636501049805,16,-0.43228198297861653,0.0944811724754425,0.28344351742632745,0.1190403817314647,0.1190403817314647,FALSE,TRUE,Shared ARG-group count,Population density,Shared ARG-group count vs Population density
shared_arg_groups,pop_density,Berlin,15,-0.488337424244224,0.06475649280517318,16,-0.43228198297861653,0.0944811724754425,0.28344351742632745,-0.056055441265607464,0.056055441265607464,FALSE,TRUE,Shared ARG-group count,Population density,Shared ARG-group count vs Population density
shared_arg_groups,pop_density,Bogota,15,-0.4842643145717463,0.06736257152168758,16,-0.43228198297861653,0.0944811724754425,0.28344351742632745,-0.05198233159312976,0.05198233159312976,FALSE,TRUE,Shared ARG-group count,Population density,Shared ARG-group count vs Population density
shared_arg_groups,pop_density,Hanoi,15,-0.36004781752546194,0.18742945460696794,16,-0.43228198297861653,0.0944811724754425,0.28344351742632745,0.07223416545315459,0.07223416545315459,FALSE,TRUE,Shared ARG-group count,Population density,Shared ARG-group count vs Population density
shared_arg_groups,pop_density,Hong_Kong,15,-0.4572607282573366,0.08658653725819816,16,-0.43228198297861653,0.0944811724754425,0.28344351742632745,-0.02497874527872007,0.02497874527872007,FALSE,TRUE,Shared ARG-group count,Population density,Shared ARG-group count vs Population density
shared_arg_groups,pop_density,Ilorin,15,-0.3564473393502073,0.19220293068325967,16,-0.43228198297861653,0.0944811724754425,0.28344351742632745,0.07583464362840925,0.07583464362840925,FALSE,TRUE,Shared ARG-group count,Population density,Shared ARG-group count vs Population density
shared_arg_groups,pop_density,Kuala_Lumpur,15,-0.5328707699376836,0.04083039051216897,16,-0.43228198297861653,0.0944811724754425,0.28344351742632745,-0.10058878695906703,0.10058878695906703,FALSE,TRUE,Shared ARG-group count,Population density,Shared ARG-group count vs Population density
shared_arg_groups,pop_density,Lisbon,15,-0.4676380012435253,0.0787892770967449,16,-0.43228198297861653,0.0944811724754425,0.28344351742632745,-0.03535601826490875,0.03535601826490875,FALSE,TRUE,Shared ARG-group count,Population density,Shared ARG-group count vs Population density
shared_arg_groups,pop_density,Oslo,15,-0.5673331840484368,0.02740255746196351,16,-0.43228198297861653,0.0944811724754425,0.28344351742632745,-0.13505120106982027,0.13505120106982027,FALSE,TRUE,Shared ARG-group count,Population density,Shared ARG-group count vs Population density
shared_arg_groups,pop_density,Porto,15,-0.45961169340632846,0.08477407051488413,16,-0.43228198297861653,0.0944811724754425,0.28344351742632745,-0.02732971042771193,0.02732971042771193,FALSE,TRUE,Shared ARG-group count,Population density,Shared ARG-group count vs Population density
shared_arg_groups,pop_density,Rio_de_Janeiro,15,-0.45781633522896004,0.08615573788521982,16,-0.43228198297861653,0.0944811724754425,0.28344351742632745,-0.025534352250343506,0.025534352250343506,FALSE,TRUE,Shared ARG-group count,Population density,Shared ARG-group count vs Population density
shared_arg_groups,pop_density,Santiago,15,-0.31324160124715184,0.25560636501049805,16,-0.43228198297861653,0.0944811724754425,0.28344351742632745,0.1190403817314647,0.1190403817314647,FALSE,TRUE,Shared ARG-group count,Population density,Shared ARG-group count vs Population density
shared_arg_groups,pop_density,Singapore,15,-0.34470877005474637,0.20830745872336492,16,-0.43228198297861653,0.0944811724754425,0.28344351742632745,0.08757321292387016,0.08757321292387016,FALSE,TRUE,Shared ARG-group count,Population density,Shared ARG-group count vs Population density
shared_arg_groups,pop_density,Sofia,15,-0.40648533954244886,0.1326986683227591,16,-0.43228198297861653,0.0944811724754425,0.28344351742632745,0.025796643436167666,0.025796643436167666,FALSE,TRUE,Shared ARG-group count,Population density,Shared ARG-group count vs Population density
shared_arg_groups,pop_density,Taipei,15,-0.42011381350422217,0.11896989072400485,16,-0.43228198297861653,0.0944811724754425,0.28344351742632745,0.012168169474394364,0.012168169474394364,FALSE,TRUE,Shared ARG-group count,Population density,Shared ARG-group count vs Population density
shared_arg_groups,pop_density,Vienna,15,-0.46266144552021854,0.0824632384977269,16,-0.43228198297861653,0.0944811724754425,0.28344351742632745,-0.03037946254160201,0.03037946254160201,FALSE,TRUE,Shared ARG-group count,Population density,Shared ARG-group count vs Population density
shared_arg_groups,population,Barcelona,15,-0.12421649704628436,0.65916442065775,16,-0.06957963424655815,0.797911035923505,0.8448469792131229,-0.05463686279972621,0.05463686279972621,FALSE,TRUE,Shared ARG-group count,City population,Shared ARG-group count vs City population
shared_arg_groups,population,Berlin,15,-0.05206538714368566,0.8537952843607799,16,-0.06957963424655815,0.797911035923505,0.8448469792131229,0.017514247102872492,0.017514247102872492,FALSE,TRUE,Shared ARG-group count,City population,Shared ARG-group count vs City population
shared_arg_groups,population,Bogota,15,-0.023403108139155023,0.9340210110907579,16,-0.06957963424655815,0.797911035923505,0.8448469792131229,0.046176526107403124,0.046176526107403124,FALSE,TRUE,Shared ARG-group count,City population,Shared ARG-group count vs City population
shared_arg_groups,population,Hanoi,15,-0.23583132047917757,0.39746180595862823,16,-0.06957963424655815,0.797911035923505,0.8448469792131229,-0.16625168623261943,0.16625168623261943,FALSE,TRUE,Shared ARG-group count,City population,Shared ARG-group count vs City population
shared_arg_groups,population,Hong_Kong,15,-0.0954126716442474,0.7351776965764751,16,-0.06957963424655815,0.797911035923505,0.8448469792131229,-0.025833037397689246,0.025833037397689246,FALSE,TRUE,Shared ARG-group count,City population,Shared ARG-group count vs City population
shared_arg_groups,population,Ilorin,15,-0.003600478175254619,0.989839432603427,16,-0.06957963424655815,0.797911035923505,0.8448469792131229,0.06597915607130353,0.06597915607130353,FALSE,TRUE,Shared ARG-group count,City population,Shared ARG-group count vs City population
shared_arg_groups,population,Kuala_Lumpur,15,-0.0558074117164466,0.84340295103005,16,-0.06957963424655815,0.797911035923505,0.8448469792131229,0.013772222530111553,0.013772222530111553,FALSE,TRUE,Shared ARG-group count,City population,Shared ARG-group count vs City population
shared_arg_groups,population,Lisbon,15,0.007194430788361927,0.979698724349777,16,-0.06957963424655815,0.797911035923505,0.8448469792131229,0.07677406503492008,0.07677406503492008,TRUE,FALSE,Shared ARG-group count,City population,Shared ARG-group count vs City population
shared_arg_groups,population,Oslo,15,-0.17414974320474166,0.5347720491039087,16,-0.06957963424655815,0.797911035923505,0.8448469792131229,-0.10457010895818351,0.10457010895818351,FALSE,TRUE,Shared ARG-group count,City population,Shared ARG-group count vs City population
shared_arg_groups,population,Porto,15,-0.08079111798158119,0.774706083671233,16,-0.06957963424655815,0.797911035923505,0.8448469792131229,-0.011211483735023037,0.011211483735023037,FALSE,TRUE,Shared ARG-group count,City population,Shared ARG-group count vs City population
shared_arg_groups,population,Rio_de_Janeiro,15,-0.08079111798158119,0.774706083671233,16,-0.06957963424655815,0.797911035923505,0.8448469792131229,-0.011211483735023037,0.011211483735023037,FALSE,TRUE,Shared ARG-group count,City population,Shared ARG-group count vs City population
shared_arg_groups,population,Santiago,15,-0.023403108139155023,0.9340210110907579,16,-0.06957963424655815,0.797911035923505,0.8448469792131229,0.046176526107403124,0.046176526107403124,FALSE,TRUE,Shared ARG-group count,City population,Shared ARG-group count vs City population
shared_arg_groups,population,Singapore,15,-0.05206538714368566,0.8537952843607799,16,-0.06957963424655815,0.797911035923505,0.8448469792131229,0.017514247102872492,0.017514247102872492,FALSE,TRUE,Shared ARG-group count,City population,Shared ARG-group count vs City population
shared_arg_groups,population,Sofia,15,-0.010791646182542889,0.9695516981400683,16,-0.06957963424655815,0.797911035923505,0.8448469792131229,0.058787988064015265,0.058787988064015265,FALSE,TRUE,Shared ARG-group count,City population,Shared ARG-group count vs City population
shared_arg_groups,population,Taipei,15,-0.05386074532105412,0.8488063375103778,16,-0.06957963424655815,0.797911035923505,0.8448469792131229,0.015718888925504028,0.015718888925504028,FALSE,TRUE,Shared ARG-group count,City population,Shared ARG-group count vs City population
shared_arg_groups,population,Vienna,15,-0.04500597719068274,0.8734602517992355,16,-0.06957963424655815,0.797911035923505,0.8448469792131229,0.024573657055875407,0.024573657055875407,FALSE,TRUE,Shared ARG-group count,City population,Shared ARG-group count vs City population
shared_arg_groups,precipitation_june,Barcelona,15,0.23943179865443218,0.3900812923057071,16,0.33161357598359625,0.2095758745992518,0.3578956089273046,-0.09218177732916408,0.09218177732916408,FALSE,TRUE,Shared ARG-group count,June precipitation,Shared ARG-group count vs June precipitation
shared_arg_groups,precipitation_june,Berlin,15,0.29443874108842916,0.2867535421771425,16,0.33161357598359625,0.2095758745992518,0.3578956089273046,-0.0371748348951671,0.0371748348951671,FALSE,TRUE,Shared ARG-group count,June precipitation,Shared ARG-group count vs June precipitation
shared_arg_groups,precipitation_june,Bogota,15,0.37084925205122576,0.17357332477810383,16,0.33161357598359625,0.2095758745992518,0.3578956089273046,0.03923567606762951,0.03923567606762951,FALSE,TRUE,Shared ARG-group count,June precipitation,Shared ARG-group count vs June precipitation
shared_arg_groups,precipitation_june,Hanoi,15,0.23763155956680487,0.3937623468472363,16,0.33161357598359625,0.2095758745992518,0.3578956089273046,-0.09398201641679138,0.09398201641679138,FALSE,TRUE,Shared ARG-group count,June precipitation,Shared ARG-group count vs June precipitation
shared_arg_groups,precipitation_june,Hong_Kong,15,0.3420454266491888,0.21207729427542665,16,0.33161357598359625,0.2095758745992518,0.3578956089273046,0.010431850665592546,0.010431850665592546,FALSE,TRUE,Shared ARG-group count,June precipitation,Shared ARG-group count vs June precipitation
shared_arg_groups,precipitation_june,Ilorin,15,0.24843299409256872,0.37195426236644036,16,0.33161357598359625,0.2095758745992518,0.3578956089273046,-0.08318058189102753,0.08318058189102753,FALSE,TRUE,Shared ARG-group count,June precipitation,Shared ARG-group count vs June precipitation
shared_arg_groups,precipitation_june,Kuala_Lumpur,15,0.31324160124715184,0.25560636501049755,16,0.33161357598359625,0.2095758745992518,0.3578956089273046,-0.01837197473644442,0.01837197473644442,FALSE,TRUE,Shared ARG-group count,June precipitation,Shared ARG-group count vs June precipitation
shared_arg_groups,precipitation_june,Lisbon,15,0.4604435704551633,0.08413924137636687,16,0.33161357598359625,0.2095758745992518,0.3578956089273046,0.12882999447156707,0.12882999447156707,FALSE,TRUE,Shared ARG-group count,June precipitation,Shared ARG-group count vs June precipitation
shared_arg_groups,precipitation_june,Oslo,15,0.3411180537000094,0.21340004219942482,16,0.33161357598359625,0.2095758745992518,0.3578956089273046,0.009504477716413162,0.009504477716413162,FALSE,TRUE,Shared ARG-group count,June precipitation,Shared ARG-group count vs June precipitation
shared_arg_groups,precipitation_june,Porto,15,0.3518902027642203,0.19835635148166086,16,0.33161357598359625,0.2095758745992518,0.3578956089273046,0.02027662678062403,0.02027662678062403,FALSE,TRUE,Shared ARG-group count,June precipitation,Shared ARG-group count vs June precipitation
shared_arg_groups,precipitation_june,Rio_de_Janeiro,15,0.3518902027642203,0.19835635148166086,16,0.33161357598359625,0.2095758745992518,0.3578956089273046,0.02027662678062403,0.02027662678062403,FALSE,TRUE,Shared ARG-group count,June precipitation,Shared ARG-group count vs June precipitation
shared_arg_groups,precipitation_june,Santiago,15,0.2898384931079968,0.2947016527398755,16,0.33161357598359625,0.2095758745992518,0.3578956089273046,-0.041775082875599445,0.041775082875599445,FALSE,TRUE,Shared ARG-group count,June precipitation,Shared ARG-group count vs June precipitation
shared_arg_groups,precipitation_june,Singapore,15,0.3842066499568528,0.15739170424579135,16,0.33161357598359625,0.2095758745992518,0.3578956089273046,0.05259307397325652,0.05259307397325652,FALSE,TRUE,Shared ARG-group count,June precipitation,Shared ARG-group count vs June precipitation
shared_arg_groups,precipitation_june,Sofia,15,0.34533267784137245,0.20743055994291745,16,0.33161357598359625,0.2095758745992518,0.3578956089273046,0.013719101857776195,0.013719101857776195,FALSE,TRUE,Shared ARG-group count,June precipitation,Shared ARG-group count vs June precipitation
shared_arg_groups,precipitation_june,Taipei,15,0.38241129177948424,0.15950590951581187,16,0.33161357598359625,0.2095758745992518,0.3578956089273046,0.05079771579588799,0.05079771579588799,FALSE,TRUE,Shared ARG-group count,June precipitation,Shared ARG-group count vs June precipitation
shared_arg_groups,precipitation_june,Vienna,15,0.3348444702986796,0.22248550218477003,16,0.33161357598359625,0.2095758745992518,0.3578956089273046,0.0032308943150833325,0.0032308943150833325,FALSE,TRUE,Shared ARG-group count,June precipitation,Shared ARG-group count vs June precipitation
shared_arg_groups,sanitation,Barcelona,15,-0.3309353571581392,0.22826781513675637,16,-0.3254306229658814,0.21871398323335278,0.3578956089273046,-0.005504734192257832,0.005504734192257832,FALSE,TRUE,Shared ARG-group count,Sanitation coverage,Shared ARG-group count vs Sanitation coverage
shared_arg_groups,sanitation,Berlin,15,-0.2670880589056137,0.3358864974228615,16,-0.3254306229658814,0.21871398323335278,0.3578956089273046,0.058342564060267665,0.058342564060267665,FALSE,TRUE,Shared ARG-group count,Sanitation coverage,Shared ARG-group count vs Sanitation coverage
shared_arg_groups,sanitation,Bogota,15,-0.4193050165627649,0.1197561307937072,16,-0.3254306229658814,0.21871398323335278,0.3578956089273046,-0.09387439359688354,0.09387439359688354,FALSE,TRUE,Shared ARG-group count,Sanitation coverage,Shared ARG-group count vs Sanitation coverage
shared_arg_groups,sanitation,Hanoi,15,-0.2227276109483934,0.4249379548736162,16,-0.3254306229658814,0.21871398323335278,0.3578956089273046,0.10270301201748797,0.10270301201748797,FALSE,TRUE,Shared ARG-group count,Sanitation coverage,Shared ARG-group count vs Sanitation coverage
shared_arg_groups,sanitation,Hong_Kong,15,-0.37388358447372355,0.16980540528842794,16,-0.3254306229658814,0.21871398323335278,0.3578956089273046,-0.048452961507842174,0.048452961507842174,FALSE,TRUE,Shared ARG-group count,Sanitation coverage,Shared ARG-group count vs Sanitation coverage
shared_arg_groups,sanitation,Ilorin,15,-0.2407622353166844,0.3873727345378548,16,-0.3254306229658814,0.21871398323335278,0.3578956089273046,0.08466838764919699,0.08466838764919699,FALSE,TRUE,Shared ARG-group count,Sanitation coverage,Shared ARG-group count vs Sanitation coverage
shared_arg_groups,sanitation,Kuala_Lumpur,15,-0.3255249698476519,0.23642448962595672,16,-0.3254306229658814,0.21871398323335278,0.3578956089273046,-9.434688177051287e-5,9.434688177051287e-5,FALSE,TRUE,Shared ARG-group count,Sanitation coverage,Shared ARG-group count vs Sanitation coverage
shared_arg_groups,sanitation,Lisbon,15,-0.3618433659076113,0.1850779395779949,16,-0.3254306229658814,0.21871398323335278,0.3578956089273046,-0.036412742941729914,0.036412742941729914,FALSE,TRUE,Shared ARG-group count,Sanitation coverage,Shared ARG-group count vs Sanitation coverage
shared_arg_groups,sanitation,Oslo,15,-0.34802383433155726,0.2036751468900916,16,-0.3254306229658814,0.21871398323335278,0.3578956089273046,-0.02259321136567588,0.02259321136567588,FALSE,TRUE,Shared ARG-group count,Sanitation coverage,Shared ARG-group count vs Sanitation coverage
shared_arg_groups,sanitation,Porto,15,-0.3396260685787879,0.2155390724704739,16,-0.3254306229658814,0.21871398323335278,0.3578956089273046,-0.014195445612906532,0.014195445612906532,FALSE,TRUE,Shared ARG-group count,Sanitation coverage,Shared ARG-group count vs Sanitation coverage
shared_arg_groups,sanitation,Rio_de_Janeiro,15,-0.3471245479379357,0.20492519624778627,16,-0.3254306229658814,0.21871398323335278,0.3578956089273046,-0.0216939249720543,0.0216939249720543,FALSE,TRUE,Shared ARG-group count,Sanitation coverage,Shared ARG-group count vs Sanitation coverage
shared_arg_groups,sanitation,Santiago,15,-0.2603671226817015,0.3486450285358096,16,-0.3254306229658814,0.21871398323335278,0.3578956089273046,0.0650635002841799,0.0650635002841799,FALSE,TRUE,Shared ARG-group count,Sanitation coverage,Shared ARG-group count vs Sanitation coverage
shared_arg_groups,sanitation,Singapore,15,-0.23651232152247947,0.3960602008635814,16,-0.3254306229658814,0.21871398323335278,0.3578956089273046,0.0889183014434019,0.0889183014434019,FALSE,TRUE,Shared ARG-group count,Sanitation coverage,Shared ARG-group count vs Sanitation coverage
shared_arg_groups,sanitation,Sofia,15,-0.30991443754616094,0.260960766221984,16,-0.3254306229658814,0.21871398323335278,0.3578956089273046,0.01551618541972044,0.01551618541972044,FALSE,TRUE,Shared ARG-group count,Sanitation coverage,Shared ARG-group count vs Sanitation coverage
shared_arg_groups,sanitation,Taipei,15,-0.3471245479379357,0.20492519624778627,16,-0.3254306229658814,0.21871398323335278,0.3578956089273046,-0.0216939249720543,0.0216939249720543,FALSE,TRUE,Shared ARG-group count,Sanitation coverage,Shared ARG-group count vs Sanitation coverage
shared_arg_groups,sanitation,Vienna,15,-0.4535708028625178,0.08948639762238914,16,-0.3254306229658814,0.21871398323335278,0.3578956089273046,-0.1281401798966364,0.1281401798966364,FALSE,TRUE,Shared ARG-group count,Sanitation coverage,Shared ARG-group count vs Sanitation coverage
shared_arg_groups,temp_june_c,Barcelona,15,0.558074117164466,0.030622166263115005,16,0.5211070479742227,0.03846307121362303,0.2307784272817382,0.036967069190243285,0.036967069190243285,FALSE,TRUE,Shared ARG-group count,Average June temperature,Shared ARG-group count vs Average June temperature
shared_arg_groups,temp_june_c,Berlin,15,0.4973142151310664,0.059271908824361036,16,0.5211070479742227,0.03846307121362303,0.2307784272817382,-0.02379283284315631,0.02379283284315631,FALSE,TRUE,Shared ARG-group count,Average June temperature,Shared ARG-group count vs Average June temperature
shared_arg_groups,temp_june_c,Bogota,15,0.4896650318346282,0.06392305981456316,16,0.5211070479742227,0.03846307121362303,0.2307784272817382,-0.03144201613959452,0.03144201613959452,FALSE,TRUE,Shared ARG-group count,Average June temperature,Shared ARG-group count vs Average June temperature
shared_arg_groups,temp_june_c,Hanoi,15,0.5148683790614105,0.049536366925603134,16,0.5211070479742227,0.03846307121362303,0.2307784272817382,-0.0062386689128122175,0.0062386689128122175,FALSE,TRUE,Shared ARG-group count,Average June temperature,Shared ARG-group count vs Average June temperature
shared_arg_groups,temp_june_c,Hong_Kong,15,0.5472726826387021,0.03472916934699103,16,0.5211070479742227,0.03846307121362303,0.2307784272817382,0.02616563466447941,0.02616563466447941,FALSE,TRUE,Shared ARG-group count,Average June temperature,Shared ARG-group count vs Average June temperature
shared_arg_groups,temp_june_c,Ilorin,15,0.5040669445356467,0.05537512023681554,16,0.5211070479742227,0.03846307121362303,0.2307784272817382,-0.017040103438575982,0.017040103438575982,FALSE,TRUE,Shared ARG-group count,Average June temperature,Shared ARG-group count vs Average June temperature
shared_arg_groups,temp_june_c,Kuala_Lumpur,15,0.4500597719068274,0.09230878980896869,16,0.5211070479742227,0.03846307121362303,0.2307784272817382,-0.0710472760673953,0.0710472760673953,FALSE,TRUE,Shared ARG-group count,Average June temperature,Shared ARG-group count vs Average June temperature
shared_arg_groups,temp_june_c,Lisbon,15,0.5467767399155065,0.03492715991813668,16,0.5211070479742227,0.03846307121362303,0.2307784272817382,0.025669691941283768,0.025669691941283768,FALSE,TRUE,Shared ARG-group count,Average June temperature,Shared ARG-group count vs Average June temperature
shared_arg_groups,temp_june_c,Oslo,15,0.4667931261158024,0.07940461108192093,16,0.5211070479742227,0.03846307121362303,0.2307784272817382,-0.05431392185842027,0.05431392185842027,FALSE,TRUE,Shared ARG-group count,Average June temperature,Shared ARG-group count vs Average June temperature
shared_arg_groups,temp_june_c,Porto,15,0.5134724387273826,0.050264245746862966,16,0.5211070479742227,0.03846307121362303,0.2307784272817382,-0.007634609246840118,0.007634609246840118,FALSE,TRUE,Shared ARG-group count,Average June temperature,Shared ARG-group count vs Average June temperature
shared_arg_groups,temp_june_c,Rio_de_Janeiro,15,0.5134724387273826,0.050264245746862966,16,0.5211070479742227,0.03846307121362303,0.2307784272817382,-0.007634609246840118,0.007634609246840118,FALSE,TRUE,Shared ARG-group count,Average June temperature,Shared ARG-group count vs Average June temperature
shared_arg_groups,temp_june_c,Santiago,15,0.4176554683295358,0.12137073629780709,16,0.5211070479742227,0.03846307121362303,0.2307784272817382,-0.10345157964468688,0.10345157964468688,FALSE,TRUE,Shared ARG-group count,Average June temperature,Shared ARG-group count vs Average June temperature
shared_arg_groups,temp_june_c,Singapore,15,0.6481243020300179,0.008972984782716272,16,0.5211070479742227,0.03846307121362303,0.2307784272817382,0.12701725405579523,0.12701725405579523,FALSE,TRUE,Shared ARG-group count,Average June temperature,Shared ARG-group count vs Average June temperature
shared_arg_groups,temp_june_c,Sofia,15,0.593540540039859,0.019668868674501263,16,0.5211070479742227,0.03846307121362303,0.2307784272817382,0.07243349206563632,0.07243349206563632,FALSE,TRUE,Shared ARG-group count,Average June temperature,Shared ARG-group count vs Average June temperature
shared_arg_groups,temp_june_c,Taipei,15,0.5547656768068575,0.03183903732669494,16,0.5211070479742227,0.03846307121362303,0.2307784272817382,0.03365862883263482,0.03365862883263482,FALSE,TRUE,Shared ARG-group count,Average June temperature,Shared ARG-group count vs Average June temperature
shared_arg_groups,temp_june_c,Vienna,15,0.5040669445356467,0.05537512023681554,16,0.5211070479742227,0.03846307121362303,0.2307784272817382,-0.017040103438575982,0.017040103438575982,FALSE,TRUE,Shared ARG-group count,Average June temperature,Shared ARG-group count vs Average June temperature
shared_arg_groups,wastewater,Barcelona,15,-0.2369430908833477,0.39517496780567285,16,-0.20518878798291393,0.4458545316067425,0.6173370437631819,-0.03175430290043377,0.03175430290043377,FALSE,TRUE,Shared ARG-group count,Wastewater-treatment coverage,Shared ARG-group count vs Wastewater-treatment coverage
shared_arg_groups,wastewater,Berlin,15,-0.09973146458265995,0.7236145049597531,16,-0.20518878798291393,0.4458545316067425,0.6173370437631819,0.10545732340025397,0.10545732340025397,FALSE,TRUE,Shared ARG-group count,Wastewater-treatment coverage,Shared ARG-group count vs Wastewater-treatment coverage
shared_arg_groups,wastewater,Bogota,15,-0.28198930588018184,0.3085591155100008,16,-0.20518878798291393,0.4458545316067425,0.6173370437631819,-0.07680051789726791,0.07680051789726791,FALSE,TRUE,Shared ARG-group count,Wastewater-treatment coverage,Shared ARG-group count vs Wastewater-treatment coverage
shared_arg_groups,wastewater,Hanoi,15,-0.07657856549461807,0.7861949037500486,16,-0.20518878798291393,0.4458545316067425,0.6173370437631819,0.12861022248829584,0.12861022248829584,FALSE,TRUE,Shared ARG-group count,Wastewater-treatment coverage,Shared ARG-group count vs Wastewater-treatment coverage
shared_arg_groups,wastewater,Hong_Kong,15,-0.2549615768820814,0.3590997696599789,16,-0.20518878798291393,0.4458545316067425,0.6173370437631819,-0.04977278889916745,0.04977278889916745,FALSE,TRUE,Shared ARG-group count,Wastewater-treatment coverage,Shared ARG-group count vs Wastewater-treatment coverage
shared_arg_groups,wastewater,Ilorin,15,-0.10901184029233867,0.6989566671215106,16,-0.20518878798291393,0.4458545316067425,0.6173370437631819,0.09617694769057526,0.09617694769057526,FALSE,TRUE,Shared ARG-group count,Wastewater-treatment coverage,Shared ARG-group count vs Wastewater-treatment coverage
shared_arg_groups,wastewater,Kuala_Lumpur,15,-0.31442258067790246,0.2537220786495698,16,-0.20518878798291393,0.4458545316067425,0.6173370437631819,-0.10923379269498854,0.10923379269498854,FALSE,TRUE,Shared ARG-group count,Wastewater-treatment coverage,Shared ARG-group count vs Wastewater-treatment coverage
shared_arg_groups,wastewater,Lisbon,15,-0.2374162160159436,0.3942039061575998,16,-0.20518878798291393,0.4458545316067425,0.6173370437631819,-0.032227428033029665,0.032227428033029665,FALSE,TRUE,Shared ARG-group count,Wastewater-treatment coverage,Shared ARG-group count vs Wastewater-treatment coverage
shared_arg_groups,wastewater,Oslo,15,-0.23630067734450058,0.3964955159168859,16,-0.20518878798291393,0.4458545316067425,0.6173370437631819,-0.031111889361586653,0.031111889361586653,FALSE,TRUE,Shared ARG-group count,Wastewater-treatment coverage,Shared ARG-group count vs Wastewater-treatment coverage
shared_arg_groups,wastewater,Porto,15,-0.22801048852579578,0.41374550268243293,16,-0.20518878798291393,0.4458545316067425,0.6173370437631819,-0.02282170054288185,0.02282170054288185,FALSE,TRUE,Shared ARG-group count,Wastewater-treatment coverage,Shared ARG-group count vs Wastewater-treatment coverage
shared_arg_groups,wastewater,Rio_de_Janeiro,15,-0.21204167244601574,0.44804458326007524,16,-0.20518878798291393,0.4458545316067425,0.6173370437631819,-0.00685288446310181,0.00685288446310181,FALSE,TRUE,Shared ARG-group count,Wastewater-treatment coverage,Shared ARG-group count vs Wastewater-treatment coverage
shared_arg_groups,wastewater,Santiago,15,-0.18108578428727334,0.5183622922176753,16,-0.20518878798291393,0.4458545316067425,0.6173370437631819,0.024103003695640585,0.024103003695640585,FALSE,TRUE,Shared ARG-group count,Wastewater-treatment coverage,Shared ARG-group count vs Wastewater-treatment coverage
shared_arg_groups,wastewater,Singapore,15,-0.09973146458265995,0.7236145049597531,16,-0.20518878798291393,0.4458545316067425,0.6173370437631819,0.10545732340025397,0.10545732340025397,FALSE,TRUE,Shared ARG-group count,Wastewater-treatment coverage,Shared ARG-group count vs Wastewater-treatment coverage
shared_arg_groups,wastewater,Sofia,15,-0.19982394833703906,0.4752109618619894,16,-0.20518878798291393,0.4458545316067425,0.6173370437631819,0.005364839645874864,0.005364839645874864,FALSE,TRUE,Shared ARG-group count,Wastewater-treatment coverage,Shared ARG-group count vs Wastewater-treatment coverage
shared_arg_groups,wastewater,Taipei,15,-0.21204167244601574,0.44804458326007524,16,-0.20518878798291393,0.4458545316067425,0.6173370437631819,-0.00685288446310181,0.00685288446310181,FALSE,TRUE,Shared ARG-group count,Wastewater-treatment coverage,Shared ARG-group count vs Wastewater-treatment coverage
shared_arg_groups,wastewater,Vienna,15,-0.2891967002796753,0.29582072012401556,16,-0.20518878798291393,0.4458545316067425,0.6173370437631819,-0.08400791229676138,0.08400791229676138,FALSE,TRUE,Shared ARG-group count,Wastewater-treatment coverage,Shared ARG-group count vs Wastewater-treatment coverage
